employee_id,role,department,day_index,project_phase,total_work_hours,meeting_hours,meeting_count,after_hours_work,task_assigned_count,task_completed_count,deadline_compression_ratio,task_switching_rate,email_volume,slack_message_count,response_latency_avg,longest_focus_block_minutes,recovery_gap_minutes,weekend_work_ratio,sleep_hours,sleep_consistency_score,hr_variability_index,error_rate,revision_count,decision_reversal_count,output_score,productivity_volatility_index,meeting_density_ratio,load_accumulation_rate,recovery_deficit_score,instability_index,volatility_acceleration,collapse_probability
EMP0001,DevOps,Engineering,0,Planning,7.44,2.37,3,0.43,6,5,0.265,1.5,24,49,1.8,80.1,100.4,0.0,7.35,0.632,41.8,0.0211,0,0,40.0,0.213,0.403,0.0,0.065,0.187,0.0,0.1745
EMP0001,DevOps,Engineering,1,Planning,7.93,0.83,1,0.23,7,6,0.122,2.13,18,47,0.9,50.8,438.5,0.0,7.98,0.515,45.2,0.0153,0,0,50.55,0.213,0.126,0.02,0.218,0.185,0.0043,0.2101
EMP0001,DevOps,Engineering,2,Planning,8.64,1.22,2,0.02,8,5,0.404,1.46,35,41,3.9,68.1,201.1,0.0,8.01,0.623,34.3,0.0,0,0,44.98,0.199,0.231,0.083,0.122,0.127,0.0164,0.0981
EMP0001,DevOps,Engineering,3,Planning,8.91,5.34,6,0.19,4,2,0.23,2.25,31,48,12.5,77.5,43.7,0.0,7.69,0.472,32.0,0.0248,0,0,48.11,0.221,0.673,0.138,0.069,0.273,0.0304,0.0905
EMP0001,DevOps,Engineering,4,Planning,7.53,4.27,3,0.98,8,6,0.338,0.67,32,34,32.1,75.7,62.4,0.0,7.74,0.456,37.8,0.0239,0,0,54.75,0.189,0.398,0.064,0.079,0.171,0.012,0.0925
EMP0001,DevOps,Engineering,5,Planning,8.41,3.47,4,0.16,11,6,0.103,1.04,36,53,7.7,62.9,75.1,0.0,7.78,0.621,32.3,0.0144,0,0,47.76,0.195,0.476,0.071,0.151,0.2,0.0139,0.0863
EMP0001,DevOps,Engineering,6,Planning,9.63,5.78,7,1.49,8,6,0.381,0.36,33,36,23.7,76.0,12.5,0.0,7.45,0.472,24.5,0.0297,1,0,52.31,0.188,0.727,0.39,0.081,0.24,0.0733,0.1184
EMP0001,DevOps,Engineering,7,Planning,8.87,1.46,1,0.89,7,4,0.454,2.39,20,49,1.5,61.4,372.5,0.0,6.97,0.551,28.2,0.0121,0,0,42.5,0.238,0.113,0.22,0.194,0.177,0.0524,0.1219
EMP0001,DevOps,Engineering,8,Planning,9.35,2.28,2,0.36,12,7,0.247,0.8,33,52,1.9,84.4,177.9,0.0,7.71,0.626,39.5,0.0056,0,0,45.0,0.192,0.214,0.214,0.031,0.087,0.041,0.0979
EMP0001,DevOps,Engineering,9,Planning,8.39,5.03,7,0.34,6,4,0.419,2.32,19,31,8.5,58.5,29.6,0.0,6.82,0.628,32.9,0.0212,0,0,44.21,0.24,0.834,0.091,0.22,0.345,0.0219,0.1672
EMP0001,DevOps,Engineering,10,Planning,8.1,1.49,1,0.21,11,8,0.438,1.16,29,42,27.8,77.0,391.1,0.0,7.59,0.469,38.6,0.0385,1,0,48.88,0.201,0.123,0.039,0.072,0.158,0.0078,0.1916
EMP0001,DevOps,Engineering,11,Planning,7.86,3.44,5,0.28,10,9,0.224,1.15,28,53,7.3,70.6,50.2,0.0,7.39,0.508,39.7,0.0242,0,0,47.07,0.205,0.636,0.018,0.115,0.245,0.0036,0.1891
EMP0001,DevOps,Engineering,12,Planning,8.62,2.04,2,0.7,7,6,0.58,1.78,25,43,33.3,90.6,165.0,0.0,7.48,0.608,25.0,0.0178,0,0,49.37,0.216,0.232,0.165,0.001,0.136,0.0356,0.1086
EMP0001,DevOps,Engineering,13,Planning,8.46,1.26,2,0.07,6,5,0.229,0.69,20,39,10.1,76.2,201.1,0.0,7.13,0.589,33.2,0.0178,1,0,45.49,0.201,0.236,0.066,0.101,0.134,0.0133,0.0419
EMP0001,DevOps,Engineering,14,Planning,8.44,2.43,2,1.15,6,4,0.049,0.78,35,49,10.6,65.7,182.9,0.0,7.45,0.569,32.5,0.0128,0,0,43.98,0.197,0.237,0.199,0.138,0.138,0.0392,0.0536
EMP0001,DevOps,Engineering,15,Planning,9.85,1.31,2,1.01,5,4,0.339,0.82,28,40,3.4,31.0,196.1,0.0,7.51,0.518,31.1,0.0131,0,0,41.67,0.196,0.203,0.357,0.328,0.19,0.0701,0.2045
EMP0001,DevOps,Engineering,16,Planning,8.19,2.98,2,0.19,11,9,0.229,2.78,32,37,25.2,57.0,160.1,0.0,7.61,0.525,48.4,0.0153,0,0,50.15,0.233,0.244,0.047,0.183,0.218,0.0111,0.2358
EMP0001,DevOps,Engineering,17,Planning,8.13,3.08,5,1.41,9,6,0.445,2.42,22,49,17.8,44.1,41.3,0.0,7.25,0.561,34.5,0.0367,0,1,44.55,0.233,0.615,0.193,0.272,0.351,0.0449,0.54
EMP0001,DevOps,Engineering,18,Planning,8.8,4.62,5,0.68,11,6,0.51,0.35,25,50,3.9,34.9,40.0,0.0,6.78,0.489,34.2,0.0207,0,0,50.33,0.201,0.568,0.185,0.354,0.272,0.0372,0.1949
EMP0001,DevOps,Engineering,19,Planning,7.29,3.75,3,0.11,4,3,0.746,0.53,25,48,0.4,93.1,92.2,0.052,7.74,0.485,47.2,0.002,0,0,42.29,0.186,0.412,0.0,0.0,0.102,0.0,0.1268
EMP0001,DevOps,Engineering,20,Planning,8.27,4.96,5,0.01,2,1,0.087,1.07,23,47,13.5,73.6,35.5,0.0,8.07,0.54,26.8,0.02,1,0,47.83,0.19,0.605,0.035,0.091,0.22,0.0066,0.1594
EMP0001,DevOps,Engineering,21,Planning,7.92,2.69,4,0.16,4,3,0.379,1.4,30,56,7.4,71.4,65.3,0.0,8.01,0.556,37.6,0.0171,0,0,53.91,0.198,0.505,0.01,0.103,0.208,0.002,0.0925
EMP0001,DevOps,Engineering,22,Planning,7.73,3.05,4,0.43,5,3,0.415,1.17,32,49,12.8,50.0,72.0,0.0,7.19,0.634,39.1,0.0309,2,0,46.62,0.21,0.517,0.02,0.243,0.273,0.0042,0.1601
EMP0001,DevOps,Engineering,23,Planning,8.85,3.62,3,1.29,5,4,0.443,0.44,18,42,1.0,77.6,97.9,0.0,7.58,0.516,42.0,0.0,0,0,49.6,0.187,0.339,0.267,0.069,0.102,0.05,0.1548
EMP0001,DevOps,Engineering,24,Planning,8.45,5.07,6,1.96,7,5,0.259,1.38,32,43,41.1,71.0,34.2,0.0,8.56,0.487,33.4,0.0079,0,0,60.62,0.186,0.71,0.301,0.106,0.231,0.056,0.1096
EMP0001,DevOps,Engineering,25,Planning,8.75,1.47,1,1.14,9,7,0.338,0.8,32,46,8.3,57.9,383.4,0.0,7.16,0.528,39.7,0.0198,0,0,40.0,0.203,0.114,0.236,0.201,0.147,0.048,0.1004
EMP0001,DevOps,Engineering,26,Planning,8.46,5.08,8,0.61,8,5,0.389,0.93,29,48,23.1,69.9,24.7,0.0,7.54,0.56,34.7,0.0177,0,0,49.25,0.198,0.946,0.134,0.112,0.286,0.0265,0.1387
EMP0001,DevOps,Engineering,27,Planning,8.78,2.74,2,1.84,5,3,0.513,0.42,32,39,17.4,57.6,156.7,0.0,6.24,0.582,34.0,0.0351,0,0,45.4,0.214,0.228,0.327,0.264,0.208,0.0701,0.2107
EMP0001,DevOps,Engineering,28,Planning,8.87,0.87,1,1.08,10,9,0.188,2.6,30,38,1.1,55.2,408.9,0.0,6.53,0.61,37.5,0.0266,1,0,40.0,0.251,0.113,0.244,0.258,0.231,0.0612,0.2191
EMP0001,DevOps,Engineering,29,Planning,8.0,2.97,2,0.07,5,4,0.264,0.6,30,38,1.5,78.9,154.8,0.0,7.36,0.579,48.0,0.0242,1,1,48.08,0.195,0.25,0.009,0.071,0.138,0.0017,0.1795
EMP0002,DevOps,Marketing,0,Planning,8.45,1.68,3,0.14,8,6,0.458,1.29,17,40,30.4,75.2,111.8,0.0,7.88,0.729,54.9,0.0149,0,0,70.84,0.198,0.355,0.074,0.082,0.164,0.0146,0.1946
EMP0002,DevOps,Marketing,1,Planning,8.62,5.17,5,0.5,7,6,0.065,0.19,21,65,16.2,108.9,33.5,0.0,7.49,0.702,47.4,0.0202,0,0,67.41,0.184,0.58,0.14,0.001,0.162,0.0258,0.0636
EMP0002,DevOps,Marketing,2,Planning,9.22,2.67,4,0.24,9,5,0.205,0.59,27,64,46.4,68.2,109.3,0.0,7.71,0.736,48.4,0.0049,0,0,68.68,0.188,0.434,0.183,0.121,0.151,0.0343,0.0811
EMP0002,DevOps,Marketing,3,Planning,9.13,5.47,4,0.23,12,10,0.667,1.15,32,43,17.0,104.3,50.8,0.0,7.44,0.83,50.8,0.0148,0,0,58.61,0.204,0.438,0.17,0.004,0.153,0.0347,0.0521
EMP0002,DevOps,Marketing,4,Planning,8.45,1.72,3,0.48,7,5,0.363,0.3,31,55,40.8,89.5,115.8,0.0,7.03,0.745,49.2,0.03,0,0,62.8,0.195,0.355,0.116,0.034,0.15,0.0227,0.2281
EMP0002,DevOps,Marketing,5,Planning,9.36,1.36,2,0.96,7,6,0.185,2.32,22,47,28.8,75.3,192.0,0.0,7.42,0.854,39.8,0.0284,0,0,63.82,0.228,0.214,0.29,0.087,0.195,0.0661,0.1032
EMP0002,DevOps,Marketing,6,Planning,10.17,1.79,3,1.19,9,6,0.073,2.21,19,46,1.3,77.7,122.2,0.0,6.78,0.676,36.9,0.0294,2,0,53.78,0.239,0.295,0.42,0.116,0.219,0.1004,0.2637
EMP0002,DevOps,Marketing,7,Planning,8.54,5.13,5,1.69,5,4,0.658,0.85,28,45,1.5,95.1,41.5,0.0,6.69,0.816,50.8,0.0346,0,0,60.17,0.213,0.585,0.279,0.054,0.228,0.0594,0.0835
EMP0002,DevOps,Marketing,8,Planning,8.32,4.99,5,1.03,10,7,0.503,2.45,33,45,23.4,79.3,26.2,0.0,7.44,0.721,44.7,0.0245,0,0,62.67,0.23,0.601,0.169,0.063,0.262,0.0388,0.0405
EMP0002,DevOps,Marketing,9,Planning,9.47,2.24,2,1.04,4,3,0.348,0.8,17,47,16.0,94.7,171.5,0.0,7.05,0.755,40.2,0.031,0,0,70.96,0.205,0.211,0.314,0.03,0.137,0.0643,0.1072
EMP0002,DevOps,Marketing,10,Planning,9.84,0.0,0,1.21,3,2,0.42,1.68,26,35,2.7,69.9,223.9,0.0,7.72,0.742,39.3,0.0297,3,0,63.46,0.209,0.0,0.381,0.112,0.143,0.0797,0.068
EMP0002,DevOps,Marketing,11,Planning,9.29,3.41,3,0.88,7,6,0.218,0.46,32,38,1.7,114.2,97.9,0.0,6.76,0.791,42.5,0.0365,0,0,66.43,0.204,0.323,0.271,0.049,0.166,0.0553,0.0895
EMP0002,DevOps,Marketing,12,Planning,9.9,1.47,1,1.79,10,7,0.294,0.56,20,54,5.7,97.5,394.6,0.0,7.27,0.84,44.6,0.0304,2,0,65.14,0.196,0.101,0.461,0.015,0.102,0.0904,0.1338
EMP0002,DevOps,Marketing,13,Planning,9.68,1.26,2,1.41,12,10,0.424,1.05,22,50,3.5,117.4,187.7,0.153,6.74,0.71,45.8,0.0139,2,0,66.75,0.216,0.207,0.386,0.051,0.116,0.0834,0.1336
EMP0002,DevOps,Marketing,14,Planning,8.9,2.24,2,0.25,6,4,0.367,2.05,33,33,7.0,46.1,180.8,0.0,7.67,0.824,53.1,0.0117,0,0,59.23,0.218,0.225,0.144,0.244,0.203,0.0313,0.1981
EMP0002,DevOps,Marketing,15,Planning,9.15,5.49,7,1.2,6,3,0.162,2.13,22,44,2.5,113.7,38.1,0.0,7.17,0.637,46.9,0.0176,1,0,64.48,0.229,0.765,0.294,0.022,0.259,0.0673,0.111
EMP0002,DevOps,Marketing,16,Planning,10.09,0.78,1,1.27,7,5,0.316,0.55,35,46,0.9,83.5,438.9,0.0,6.3,0.809,39.7,0.0152,1,0,76.0,0.215,0.099,0.42,0.116,0.102,0.0903,0.0892
EMP0002,DevOps,Marketing,17,Planning,9.6,4.89,4,0.64,8,6,0.761,2.55,22,37,24.8,80.4,43.7,0.0,7.21,0.753,46.4,0.0068,1,0,61.44,0.237,0.417,0.28,0.073,0.195,0.0664,0.0938
EMP0002,DevOps,Marketing,18,Planning,10.13,5.1,4,3.1,10,8,0.371,0.91,22,55,2.9,99.7,45.9,0.0,8.11,0.638,36.8,0.0149,0,1,66.85,0.186,0.395,0.654,0.0,0.136,0.1216,0.0716
EMP0002,DevOps,Marketing,19,Planning,10.39,3.18,3,1.83,9,7,0.182,0.87,30,35,2.7,92.3,108.6,0.0,7.52,0.708,48.9,0.0313,1,1,67.59,0.197,0.289,0.528,0.0,0.146,0.1039,0.0877
EMP0002,DevOps,Marketing,20,Planning,10.86,1.36,1,2.01,7,5,0.102,1.76,35,46,10.7,93.6,397.8,0.211,7.48,0.761,37.9,0.0157,1,1,65.97,0.216,0.092,0.609,0.001,0.103,0.1315,0.1627
EMP0002,DevOps,Marketing,21,Planning,10.08,3.12,3,1.14,3,2,0.231,2.04,22,39,0.6,88.3,101.1,0.0,7.94,0.77,38.7,0.0244,0,0,65.55,0.212,0.298,0.402,0.009,0.172,0.0853,0.166
EMP0002,DevOps,Marketing,22,Planning,10.76,4.72,5,2.33,7,6,0.51,1.12,27,37,65.1,93.7,24.3,0.0,6.86,0.704,32.0,0.0314,0,0,62.36,0.215,0.465,0.636,0.043,0.202,0.1368,0.1078
EMP0002,DevOps,Marketing,23,Planning,10.68,4.47,4,1.75,9,6,0.471,2.71,16,31,21.4,69.8,49.9,0.0,6.83,0.737,35.0,0.0428,0,0,58.21,0.248,0.375,0.554,0.157,0.289,0.1373,0.2537
EMP0002,DevOps,Marketing,24,Planning,10.52,4.54,4,3.03,7,4,0.099,0.26,29,49,20.8,92.9,65.8,0.0,7.36,0.689,45.2,0.0143,1,1,70.59,0.188,0.38,0.694,0.009,0.115,0.1304,0.0507
EMP0002,DevOps,Marketing,25,Planning,11.34,2.57,4,3.72,4,2,0.176,0.7,25,49,12.5,92.2,80.4,0.0,6.83,0.871,33.7,0.0223,0,0,62.83,0.207,0.353,0.883,0.045,0.15,0.1827,0.1226
EMP0002,DevOps,Marketing,26,Planning,11.57,5.55,4,3.15,9,7,0.392,0.71,24,42,2.8,133.6,39.7,0.0,6.48,0.733,33.9,0.036,1,0,63.81,0.215,0.346,0.84,0.068,0.183,0.1806,0.124
EMP0002,DevOps,Marketing,27,Planning,10.1,6.06,7,1.3,10,9,0.745,1.16,31,61,2.2,91.6,15.3,0.0,7.22,0.842,48.1,0.0299,2,0,70.16,0.209,0.693,0.425,0.019,0.239,0.0888,0.2173
EMP0002,DevOps,Marketing,28,Planning,10.56,2.13,3,3.58,5,4,0.508,1.55,29,53,1.8,81.3,116.0,0.0,6.58,0.724,39.9,0.02,2,1,60.94,0.229,0.284,0.768,0.11,0.176,0.1758,0.1258
EMP0002,DevOps,Marketing,29,Planning,10.92,1.72,3,2.25,9,7,0.32,1.34,23,52,15.6,92.8,107.9,0.0,6.34,0.821,38.5,0.0232,1,0,60.38,0.23,0.275,0.646,0.077,0.165,0.1486,0.1088
EMP0003,Designer,Product,0,Planning,6.89,2.24,3,0.65,6,5,0.39,1.41,25,49,2.6,84.4,104.6,0.0,7.43,0.725,54.1,0.0285,0,1,56.77,0.21,0.435,0.0,0.036,0.197,0.0,0.1058
EMP0003,Designer,Product,1,Planning,6.44,1.66,3,0.8,10,6,0.391,2.23,30,55,7.5,74.4,116.9,0.0,6.94,0.754,56.0,0.0,0,0,53.89,0.236,0.466,0.0,0.124,0.197,0.0,0.3288
EMP0003,Designer,Product,2,Planning,6.89,4.13,7,0.06,4,2,0.454,2.08,33,55,20.5,66.3,32.1,0.0,7.05,0.664,45.1,0.0071,0,0,55.47,0.231,1.016,0.0,0.162,0.328,0.0,0.19
EMP0003,Designer,Product,3,Planning,7.76,2.24,2,0.83,9,7,0.211,1.32,29,46,11.4,81.3,186.5,0.0,7.28,0.62,49.9,0.0,0,0,65.01,0.211,0.258,0.074,0.063,0.11,0.0156,0.0531
EMP0003,Designer,Product,4,Planning,6.42,3.85,6,2.39,9,8,0.201,1.14,23,48,11.4,85.4,29.0,0.0,7.19,0.738,53.9,0.0262,0,1,56.75,0.209,0.935,0.101,0.046,0.287,0.0212,0.1052
EMP0003,Designer,Product,5,Planning,7.57,2.84,2,2.26,8,7,0.421,1.98,22,35,3.4,81.0,160.6,0.0,7.69,0.622,48.8,0.0212,1,0,70.01,0.216,0.264,0.229,0.05,0.17,0.0494,0.1167
EMP0003,Designer,Product,6,Planning,8.06,3.33,4,1.02,4,3,0.307,1.77,34,40,0.6,42.5,62.7,0.0,8.08,0.585,50.7,0.0006,0,0,61.44,0.204,0.496,0.135,0.264,0.233,0.0275,0.1014
EMP0003,Designer,Product,7,Planning,7.42,3.48,4,1.22,9,8,0.384,0.4,31,45,7.2,94.9,72.8,0.0,8.16,0.665,55.4,0.0154,0,0,63.05,0.175,0.539,0.08,0.0,0.151,0.014,0.0842
EMP0003,Designer,Product,8,Planning,6.41,3.85,8,0.64,3,2,0.21,1.35,16,49,2.9,100.3,26.3,0.0,8.48,0.745,44.8,0.0,0,0,63.15,0.187,1.248,0.0,0.0,0.29,0.0,0.1076
EMP0003,Designer,Product,9,Planning,7.12,4.27,4,0.03,8,7,0.235,0.78,25,48,15.5,83.8,50.7,0.0,7.5,0.734,45.3,0.0111,1,0,50.52,0.196,0.562,0.0,0.034,0.168,0.0,0.1022
EMP0003,Designer,Product,10,Planning,7.08,2.82,4,0.35,6,5,0.214,0.48,41,49,14.8,67.7,75.6,0.0,8.1,0.629,55.4,0.0122,0,0,56.34,0.178,0.565,0.0,0.124,0.189,0.0,0.2636
EMP0003,Designer,Product,11,Planning,6.0,3.6,4,1.7,2,1,0.321,1.92,31,47,13.8,84.2,63.7,0.0,8.3,0.577,52.7,0.0005,0,0,54.73,0.202,0.667,0.0,0.032,0.202,0.0,0.1111
EMP0003,Designer,Product,12,Planning,7.18,4.31,4,0.91,8,7,0.237,1.44,26,40,8.8,85.9,50.6,0.151,8.02,0.66,54.4,0.0,0,0,55.13,0.198,0.557,0.011,0.023,0.161,0.0022,0.1053
EMP0003,Designer,Product,13,Planning,6.94,1.32,2,0.04,7,4,0.754,1.64,32,41,10.5,60.7,200.5,0.0,7.6,0.687,48.6,0.0255,2,0,59.76,0.211,0.288,0.0,0.163,0.207,0.0,0.1859
EMP0003,Designer,Product,14,Planning,6.27,1.33,2,0.0,5,3,0.178,1.28,23,43,3.5,115.7,184.2,0.0,7.08,0.783,61.3,0.0029,0,0,52.68,0.214,0.319,0.0,0.028,0.116,0.0,0.1252
EMP0003,Designer,Product,15,Planning,7.71,1.85,3,0.21,6,4,0.096,0.55,23,50,27.1,106.6,116.7,0.0,7.74,0.67,50.7,0.0001,0,0,58.79,0.186,0.389,0.0,0.0,0.095,0.0,0.0624
EMP0003,Designer,Product,16,Planning,7.01,4.13,3,0.24,5,4,0.035,0.8,26,48,0.1,119.7,80.1,0.0,7.61,0.607,51.5,0.0301,0,1,62.57,0.194,0.428,0.0,0.0,0.17,0.0,0.1659
EMP0003,Designer,Product,17,Planning,7.06,4.24,4,0.74,11,7,0.327,0.44,22,49,27.4,74.7,65.3,0.0,8.24,0.62,55.3,0.0097,0,0,63.79,0.174,0.567,0.0,0.085,0.171,0.0,0.1566
EMP0003,Designer,Product,18,Planning,6.32,3.53,6,0.57,4,3,0.486,1.77,24,53,12.2,68.7,48.4,0.0,7.68,0.571,61.8,0.0187,1,0,52.16,0.212,0.949,0.0,0.118,0.316,0.0,0.1519
EMP0003,Designer,Product,19,Planning,7.12,1.54,3,0.65,12,10,0.133,0.44,24,52,12.2,75.2,144.0,0.0,7.64,0.715,48.7,0.0142,0,0,53.44,0.186,0.421,0.0,0.082,0.151,0.0,0.0654
EMP0003,Designer,Product,20,Planning,7.14,4.28,4,0.85,6,5,0.041,0.35,28,42,0.5,80.5,44.5,0.0,7.94,0.656,52.8,0.0172,1,0,65.08,0.178,0.56,0.0,0.053,0.173,0.0,0.0908
EMP0003,Designer,Product,21,Planning,8.06,1.67,2,0.04,7,4,0.356,1.0,23,41,4.4,79.6,191.7,0.0,7.3,0.639,44.4,0.0247,0,0,55.24,0.204,0.248,0.013,0.071,0.15,0.0026,0.121
EMP0003,Designer,Product,22,Planning,6.49,2.58,4,0.47,6,4,0.537,1.59,28,42,9.7,60.1,77.1,0.0,7.99,0.731,38.5,0.0221,1,0,66.04,0.202,0.616,0.0,0.166,0.265,0.0,0.1484
EMP0003,Designer,Product,23,Planning,6.79,3.49,4,0.5,5,4,0.15,1.37,25,46,22.1,89.8,64.6,0.0,8.0,0.607,48.7,0.003,0,0,54.25,0.197,0.589,0.0,0.001,0.165,0.0,0.1317
EMP0003,Designer,Product,24,Planning,8.17,1.19,2,0.35,4,3,0.085,0.1,25,38,3.6,97.5,204.5,0.0,7.22,0.636,58.8,0.0268,0,0,59.95,0.188,0.245,0.065,0.019,0.111,0.0122,0.0863
EMP0003,Designer,Product,25,Planning,6.97,0.0,0,0.13,4,2,0.35,2.38,31,49,39.2,78.3,253.0,0.0,7.39,0.56,51.9,0.0127,0,0,59.17,0.23,0.0,0.0,0.072,0.119,0.0,0.1146
EMP0003,Designer,Product,26,Planning,7.95,4.77,6,0.18,7,5,0.356,0.89,17,37,2.7,42.5,30.4,0.0,6.93,0.785,48.2,0.0062,0,0,61.83,0.209,0.755,0.016,0.302,0.281,0.0034,0.2031
EMP0003,Designer,Product,27,Planning,7.18,4.14,6,0.11,8,6,0.451,1.28,32,48,8.1,67.4,62.7,0.49,7.9,0.58,54.2,0.0276,0,0,61.67,0.198,0.836,0.0,0.126,0.298,0.0,0.1138
EMP0003,Designer,Product,28,Planning,6.77,4.06,7,0.02,5,4,0.452,0.48,24,34,9.2,71.3,38.6,0.0,7.05,0.755,50.9,0.0251,0,0,60.62,0.199,1.034,0.0,0.134,0.312,0.0,0.1621
EMP0003,Designer,Product,29,Planning,6.75,0.98,1,0.24,7,5,0.367,1.37,25,52,6.5,109.7,412.6,0.0,7.52,0.639,52.4,0.0113,0,0,58.75,0.207,0.148,0.0,0.0,0.093,0.0,0.1092
EMP0004,DevOps,Operations,0,Planning,7.6,4.01,4,0.6,14,13,0.39,1.07,27,41,5.4,69.8,72.9,0.0,7.73,0.526,53.9,0.0023,0,0,61.21,0.197,0.526,0.025,0.112,0.176,0.0049,0.0997
EMP0004,DevOps,Operations,1,Planning,8.97,3.37,3,0.12,6,5,0.505,1.04,29,39,25.8,71.5,91.5,0.0,7.55,0.723,37.7,0.0168,0,0,51.58,0.2,0.334,0.136,0.103,0.163,0.0273,0.1193
EMP0004,DevOps,Operations,2,Planning,9.06,1.09,1,0.32,8,6,0.301,1.12,34,39,0.8,69.7,421.3,0.0,6.84,0.627,29.4,0.0003,0,0,55.64,0.216,0.11,0.173,0.157,0.103,0.0373,0.1594
EMP0004,DevOps,Operations,3,Planning,7.73,1.6,3,0.23,8,5,0.126,2.07,21,42,4.4,69.3,109.7,0.0,8.0,0.71,54.9,0.0,0,0,61.85,0.211,0.388,0.0,0.115,0.174,0.0,0.0523
EMP0004,DevOps,Operations,4,Planning,8.27,4.96,7,0.02,8,7,0.358,2.89,28,40,3.9,49.1,18.0,0.0,8.21,0.671,46.1,0.0173,0,0,57.16,0.224,0.846,0.036,0.227,0.359,0.0081,0.2343
EMP0004,DevOps,Operations,5,Planning,7.35,2.33,4,0.14,4,2,0.392,2.03,17,47,34.0,77.2,66.5,0.0,7.1,0.676,46.2,0.024,1,1,52.06,0.229,0.544,0.0,0.098,0.247,0.0,0.1958
EMP0004,DevOps,Operations,6,Planning,8.21,1.23,1,0.2,8,6,0.334,0.64,28,34,7.4,74.5,403.4,0.088,8.14,0.652,36.4,0.003,1,0,62.54,0.18,0.122,0.051,0.086,0.075,0.0092,0.1163
EMP0004,DevOps,Operations,7,Planning,7.85,3.4,3,0.07,9,6,0.041,1.48,41,45,11.3,87.2,79.3,0.0,7.63,0.638,40.6,0.0354,0,0,53.36,0.207,0.382,0.0,0.016,0.196,0.0,0.1841
EMP0004,DevOps,Operations,8,Planning,9.2,5.52,5,0.63,4,3,0.082,1.0,37,36,55.5,73.3,17.3,0.0,8.06,0.601,37.5,0.0106,0,1,49.51,0.189,0.543,0.229,0.093,0.188,0.0432,0.0611
EMP0004,DevOps,Operations,9,Planning,7.79,4.67,4,1.3,8,6,0.473,1.77,28,46,22.5,72.3,58.0,0.0,7.13,0.643,45.8,0.0143,0,0,49.68,0.223,0.513,0.136,0.123,0.221,0.0304,0.1044
EMP0004,DevOps,Operations,10,Planning,9.39,4.52,4,1.35,8,6,0.248,1.14,32,36,16.9,76.1,60.3,0.0,6.95,0.651,36.7,0.0199,0,1,45.53,0.214,0.426,0.343,0.114,0.193,0.0733,0.0655
EMP0004,DevOps,Operations,11,Planning,9.59,5.76,8,1.12,6,5,0.347,0.88,25,45,29.1,81.7,18.1,0.0,6.55,0.55,32.8,0.0193,0,1,53.37,0.217,0.834,0.339,0.109,0.265,0.0735,0.0907
EMP0004,DevOps,Operations,12,Planning,8.55,0.63,1,0.07,9,5,0.544,3.03,21,61,20.1,77.4,452.6,0.0,6.93,0.57,33.6,0.0351,0,0,48.72,0.252,0.117,0.078,0.108,0.217,0.0195,0.2463
EMP0004,DevOps,Operations,13,Planning,9.08,3.64,4,2.18,9,7,0.367,1.32,30,36,49.1,60.8,63.4,0.0,7.29,0.713,36.1,0.04,0,0,47.2,0.211,0.441,0.408,0.176,0.261,0.086,0.2148
EMP0004,DevOps,Operations,14,Planning,9.55,1.71,2,1.3,9,6,0.729,1.29,23,59,9.5,87.3,163.6,0.0,7.31,0.64,32.8,0.0187,0,1,53.45,0.21,0.209,0.356,0.028,0.126,0.0748,0.1272
EMP0004,DevOps,Operations,15,Planning,9.53,3.49,5,0.68,6,4,0.078,2.47,37,44,17.3,86.3,57.5,0.0,7.79,0.668,31.9,0.0128,0,0,62.05,0.224,0.525,0.276,0.021,0.211,0.0619,0.1278
EMP0004,DevOps,Operations,16,Planning,8.5,2.95,2,0.49,11,8,0.212,0.63,25,38,34.1,78.4,155.2,0.0,8.07,0.717,38.4,0.0086,0,0,58.33,0.181,0.235,0.124,0.064,0.102,0.0224,0.0673
EMP0004,DevOps,Operations,17,Planning,8.1,4.86,7,1.38,9,8,0.574,1.1,20,50,4.1,107.0,23.4,0.0,7.65,0.711,42.8,0.0255,0,1,57.27,0.199,0.864,0.185,0.0,0.257,0.0368,0.0956
EMP0004,DevOps,Operations,18,Planning,8.14,4.88,6,1.06,7,4,0.608,1.44,20,42,6.3,126.2,54.3,0.0,6.11,0.713,48.4,0.0312,1,0,49.97,0.237,0.737,0.15,0.093,0.281,0.0356,0.2876
EMP0004,DevOps,Operations,19,Planning,7.84,4.7,4,0.34,7,5,0.125,1.45,20,42,13.7,70.7,43.8,0.0,7.62,0.677,44.6,0.0267,1,1,54.88,0.207,0.51,0.022,0.107,0.231,0.0047,0.148
EMP0004,DevOps,Operations,20,Planning,8.65,2.03,4,0.26,4,2,0.059,0.47,25,55,6.0,70.9,84.6,0.0,7.29,0.584,39.5,0.0211,0,0,50.37,0.194,0.462,0.114,0.12,0.185,0.0221,0.1503
EMP0004,DevOps,Operations,21,Planning,8.48,5.06,5,0.67,10,8,0.245,1.88,28,42,0.6,72.8,31.3,0.0,8.05,0.578,40.1,0.0,0,0,51.5,0.207,0.59,0.144,0.096,0.203,0.0298,0.1436
EMP0004,DevOps,Operations,22,Planning,10.03,4.31,3,2.4,7,4,0.237,2.29,23,48,19.6,93.4,72.3,0.0,7.64,0.563,31.9,0.0134,0,0,55.86,0.223,0.299,0.554,0.0,0.155,0.1235,0.0721
EMP0004,DevOps,Operations,23,Planning,8.36,1.94,3,0.16,2,1,0.25,1.45,28,38,33.9,67.7,125.0,0.0,8.25,0.59,49.2,0.0072,0,0,53.56,0.194,0.359,0.065,0.124,0.167,0.0126,0.0592
EMP0004,DevOps,Operations,24,Planning,8.23,4.94,5,0.4,13,9,0.164,0.98,22,46,4.9,79.5,42.2,0.0,7.4,0.566,51.5,0.0271,0,0,53.7,0.202,0.608,0.079,0.065,0.225,0.0159,0.1219
EMP0004,DevOps,Operations,25,Planning,7.1,0.54,1,1.75,11,9,0.261,0.81,24,34,26.1,78.3,450.7,0.0,6.48,0.558,42.8,0.0456,1,0,52.03,0.217,0.141,0.106,0.133,0.184,0.0231,0.1417
EMP0004,DevOps,Operations,26,Planning,8.86,5.31,6,0.07,11,7,0.275,2.85,24,38,3.1,43.7,22.2,0.0,7.26,0.664,35.9,0.0279,1,0,49.0,0.242,0.677,0.116,0.273,0.359,0.0281,0.0959
EMP0004,DevOps,Operations,27,Planning,9.11,0.0,0,0.84,7,4,0.224,1.29,13,52,0.8,89.0,234.8,0.0,6.94,0.615,36.4,0.0224,0,0,46.28,0.217,0.0,0.244,0.043,0.096,0.0529,0.0666
EMP0004,DevOps,Operations,28,Planning,7.49,4.49,8,0.65,7,4,0.193,2.25,25,33,37.3,64.9,40.6,0.0,7.09,0.647,47.9,0.0267,1,0,55.04,0.233,1.068,0.018,0.167,0.385,0.0041,0.1373
EMP0004,DevOps,Operations,29,Planning,8.93,3.9,4,0.14,4,3,0.25,2.9,18,56,28.7,75.0,67.1,0.0,6.36,0.547,40.6,0.0323,0,0,53.17,0.261,0.448,0.134,0.159,0.289,0.0349,0.2494
EMP0005,QA,Sales,0,Planning,8.6,1.57,2,0.2,11,9,0.297,3.52,16,44,7.1,75.2,202.9,0.0,7.08,0.492,30.1,0.0429,0,0,40.0,0.259,0.233,0.1,0.11,0.271,0.0259,0.1553
EMP0005,QA,Sales,1,Planning,7.5,4.5,8,0.24,7,6,0.387,1.21,26,41,2.0,82.8,20.3,0.0,7.84,0.444,35.5,0.0081,0,1,40.21,0.197,1.067,0.0,0.04,0.278,0.0,0.1558
EMP0005,QA,Sales,2,Planning,7.11,3.66,3,0.15,2,1,0.203,0.75,32,44,9.1,79.2,71.1,0.0,8.12,0.545,36.9,0.0,0,0,44.59,0.183,0.422,0.0,0.06,0.125,0.0,0.1153
EMP0005,QA,Sales,3,Planning,6.77,3.24,3,0.04,5,3,0.606,1.23,23,49,77.3,94.3,83.4,0.0,8.03,0.442,49.8,0.0075,1,0,40.0,0.194,0.443,0.0,0.0,0.141,0.0,0.1278
EMP0005,QA,Sales,4,Planning,7.79,4.23,5,0.29,9,5,0.485,2.16,30,34,7.6,51.1,44.6,0.0,7.64,0.54,38.6,0.0215,0,0,40.0,0.22,0.642,0.01,0.216,0.301,0.0022,0.269
EMP0005,QA,Sales,5,Planning,7.23,2.43,3,1.93,8,6,0.06,1.7,26,33,6.7,42.9,103.5,0.206,8.06,0.415,48.5,0.0013,0,0,43.23,0.203,0.415,0.145,0.262,0.215,0.0294,0.1239
EMP0005,QA,Sales,6,Planning,7.36,4.3,5,0.53,3,2,0.533,0.81,31,48,33.8,85.8,42.4,0.0,8.08,0.42,39.1,0.0,0,0,46.24,0.185,0.679,0.0,0.023,0.167,0.0,0.1155
EMP0005,QA,Sales,7,Planning,7.92,0.99,1,0.19,5,4,0.666,1.45,31,48,13.1,60.4,417.4,0.0,7.22,0.483,44.6,0.0191,0,0,40.0,0.215,0.126,0.014,0.183,0.162,0.003,0.1678
EMP0005,QA,Sales,8,Planning,7.72,0.65,1,1.11,7,4,0.272,2.23,23,40,42.4,69.3,445.9,0.0,7.74,0.398,40.5,0.0261,1,0,40.0,0.22,0.13,0.104,0.115,0.18,0.0228,0.1359
EMP0005,QA,Sales,9,Planning,7.71,0.93,1,0.31,8,6,0.506,2.01,29,47,32.3,71.1,429.5,0.0,6.67,0.407,24.0,0.0233,2,0,40.0,0.237,0.13,0.002,0.16,0.181,0.0006,0.1316
EMP0005,QA,Sales,10,Planning,8.0,2.06,3,0.1,4,2,0.41,0.38,31,47,16.3,59.9,122.6,0.0,7.83,0.428,29.4,0.0041,0,1,43.51,0.181,0.375,0.012,0.167,0.145,0.0023,0.215
EMP0005,QA,Sales,11,Planning,8.18,4.56,4,0.19,5,3,0.376,0.82,21,39,17.7,29.8,39.7,0.0,8.2,0.446,35.5,0.0,0,0,40.0,0.182,0.489,0.046,0.334,0.223,0.0084,0.0882
EMP0005,QA,Sales,12,Planning,8.49,2.31,2,1.29,8,5,0.356,1.47,19,57,7.1,65.1,181.0,0.02,6.95,0.504,41.2,0.0382,0,1,40.46,0.22,0.236,0.223,0.175,0.22,0.049,0.1195
EMP0005,QA,Sales,13,Planning,7.37,4.42,4,0.29,9,6,0.267,1.93,29,52,16.4,68.4,48.0,0.0,8.44,0.412,28.9,0.0,0,0,40.0,0.2,0.543,0.0,0.12,0.202,0.0,0.1413
EMP0005,QA,Sales,14,Planning,8.33,4.0,5,0.06,7,4,0.246,1.82,33,49,3.1,60.0,53.5,0.0,7.5,0.455,29.0,0.0,0,0,40.0,0.216,0.6,0.049,0.167,0.225,0.0105,0.1532
EMP0005,QA,Sales,15,Planning,8.82,3.56,6,0.01,8,7,0.284,1.53,28,45,8.8,68.6,38.7,0.0,7.11,0.517,38.3,0.0082,0,0,40.23,0.218,0.68,0.104,0.145,0.242,0.0226,0.1314
EMP0005,QA,Sales,16,Planning,7.88,4.51,4,0.21,12,11,0.317,0.57,19,44,3.6,61.5,45.9,0.0,7.59,0.421,37.9,0.0316,0,0,44.29,0.19,0.508,0.011,0.158,0.229,0.0021,0.0787
EMP0005,QA,Sales,17,Planning,6.42,3.85,5,0.13,8,4,0.354,1.39,30,37,21.6,44.4,35.3,0.0,7.57,0.499,42.3,0.023,0,1,42.24,0.206,0.779,0.0,0.253,0.319,0.0,0.1957
EMP0005,QA,Sales,18,Planning,9.04,5.42,5,1.06,5,4,0.318,0.24,27,45,16.9,80.3,23.1,0.0,8.35,0.423,30.0,0.007,0,0,45.81,0.168,0.553,0.262,0.054,0.148,0.0441,0.1423
EMP0005,QA,Sales,19,Planning,6.83,3.67,4,1.05,5,4,0.509,2.41,29,49,2.2,36.6,62.4,0.0,7.86,0.415,44.7,0.0101,0,0,40.0,0.221,0.586,0.0,0.297,0.299,0.0,0.1987
EMP0005,QA,Sales,20,Planning,8.71,5.22,5,0.97,8,5,0.245,1.59,25,64,4.9,54.4,40.0,0.209,6.38,0.435,38.1,0.0211,1,0,40.0,0.234,0.574,0.21,0.272,0.286,0.0491,0.1459
EMP0005,QA,Sales,21,Planning,6.79,3.39,5,0.31,8,6,0.227,0.52,32,45,2.2,52.1,56.1,0.0,7.32,0.521,32.5,0.0245,1,0,40.0,0.194,0.736,0.0,0.223,0.279,0.0,0.1311
EMP0005,QA,Sales,22,Planning,8.08,4.85,4,0.47,3,1,0.326,0.88,25,45,69.5,64.3,47.7,0.0,7.07,0.403,30.7,0.0336,1,0,40.0,0.206,0.495,0.069,0.171,0.244,0.0142,0.111
EMP0005,QA,Sales,23,Planning,7.64,1.3,1,0.79,8,5,0.307,2.81,19,40,7.9,27.4,390.8,0.0,7.57,0.414,32.3,0.025,0,0,40.0,0.235,0.131,0.054,0.348,0.265,0.0126,0.1389
EMP0005,QA,Sales,24,Planning,7.92,3.38,3,0.07,14,11,0.334,1.75,26,42,8.1,74.3,87.8,0.0,7.96,0.486,41.8,0.0177,0,1,41.36,0.206,0.379,0.0,0.087,0.19,0.0,0.13
EMP0005,QA,Sales,25,Planning,7.53,2.1,2,0.41,9,7,0.064,1.15,25,41,29.4,76.0,170.1,0.0,7.27,0.516,34.9,0.012,0,0,40.0,0.208,0.266,0.0,0.093,0.14,0.0,0.0449
EMP0005,QA,Sales,26,Planning,6.97,3.89,5,1.32,7,4,0.388,1.44,23,37,9.0,39.9,59.8,0.0,8.6,0.442,42.6,0.0095,0,0,41.6,0.187,0.717,0.036,0.278,0.289,0.0068,0.2128
EMP0005,QA,Sales,27,Planning,7.98,1.42,1,1.8,7,5,0.346,0.9,30,39,21.1,94.7,387.9,0.0,7.62,0.483,38.4,0.0063,0,0,45.25,0.196,0.125,0.223,0.0,0.065,0.0436,0.1764
EMP0005,QA,Sales,28,Planning,7.69,4.61,4,0.6,7,6,0.293,0.97,26,40,2.7,74.9,66.7,0.0,6.89,0.554,31.4,0.0297,2,1,40.0,0.212,0.52,0.036,0.125,0.23,0.0077,0.1641
EMP0005,QA,Sales,29,Planning,6.21,0.0,0,0.02,9,8,0.431,2.94,23,60,23.2,67.6,245.0,0.0,7.89,0.406,39.3,0.0168,1,0,40.0,0.231,0.0,0.0,0.124,0.159,0.0,0.133
EMP0006,Engineer,Engineering,0,Planning,7.14,1.53,3,0.11,10,7,0.136,1.69,33,45,28.0,47.8,123.7,0.0,8.01,0.516,34.6,0.0169,0,1,40.0,0.204,0.42,0.0,0.234,0.239,0.0,0.2578
EMP0006,Engineer,Engineering,1,Planning,7.82,1.15,2,0.15,9,7,0.471,0.55,28,50,6.9,57.8,195.5,0.0,7.04,0.491,31.9,0.0262,0,0,48.98,0.2,0.256,0.0,0.21,0.183,0.0,0.148
EMP0006,Engineer,Engineering,2,Planning,7.81,2.41,2,1.29,9,5,0.424,2.13,23,40,13.3,74.1,168.8,0.0,7.37,0.484,26.1,0.0337,0,0,41.09,0.225,0.256,0.137,0.097,0.212,0.0309,0.1544
EMP0006,Engineer,Engineering,3,Planning,8.26,1.2,2,0.67,6,4,0.18,0.88,30,36,11.5,50.1,205.7,0.0,6.75,0.547,38.5,0.0403,1,1,40.0,0.213,0.242,0.116,0.272,0.237,0.0248,0.2783
EMP0006,Engineer,Engineering,4,Planning,7.86,3.39,5,0.14,6,4,0.317,0.78,24,40,2.2,73.5,68.2,0.0,7.76,0.539,27.8,0.0392,1,1,40.0,0.19,0.636,0.0,0.092,0.257,0.0,0.0925
EMP0006,Engineer,Engineering,5,Planning,7.64,4.59,6,0.87,11,7,0.263,1.4,26,41,1.2,55.3,27.5,0.481,7.44,0.494,41.7,0.016,0,1,45.93,0.209,0.785,0.064,0.197,0.29,0.0133,0.1947
EMP0006,Engineer,Engineering,6,Planning,7.51,0.74,1,1.48,7,6,0.097,2.34,23,37,25.0,66.3,425.1,0.0,7.51,0.546,34.5,0.0227,0,0,40.0,0.227,0.133,0.124,0.132,0.182,0.0281,0.1408
EMP0006,Engineer,Engineering,7,Planning,8.11,4.86,8,0.19,6,4,0.225,0.97,32,43,6.1,59.2,42.1,0.0,6.93,0.433,32.9,0.0272,1,1,40.0,0.211,0.986,0.037,0.209,0.344,0.0079,0.2641
EMP0006,Engineer,Engineering,8,Planning,7.73,4.26,3,1.27,7,4,0.277,1.28,24,48,38.8,47.6,66.2,0.0,7.63,0.555,35.4,0.0,0,0,41.22,0.203,0.388,0.125,0.236,0.187,0.0254,0.0852
EMP0006,Engineer,Engineering,9,Planning,8.34,2.71,2,0.31,6,4,0.515,0.93,25,55,0.1,42.0,166.6,0.0,7.05,0.432,23.2,0.0255,0,0,41.03,0.208,0.24,0.081,0.297,0.216,0.0169,0.1386
EMP0006,Engineer,Engineering,10,Planning,7.94,4.76,4,0.03,6,5,0.212,1.17,31,41,33.3,51.6,43.3,0.0,7.84,0.507,34.5,0.0168,0,1,40.0,0.197,0.504,0.0,0.213,0.233,0.0,0.3074
EMP0006,Engineer,Engineering,11,Planning,8.4,5.04,7,0.57,6,5,0.193,0.19,14,46,30.0,47.9,24.3,0.0,7.18,0.466,36.0,0.0107,0,1,40.0,0.19,0.833,0.121,0.255,0.27,0.023,0.2347
EMP0006,Engineer,Engineering,12,Planning,8.7,1.37,2,1.0,4,2,0.257,1.21,23,42,13.4,97.7,188.3,0.0,6.67,0.531,29.4,0.0226,0,0,40.0,0.221,0.23,0.212,0.055,0.144,0.047,0.2887
EMP0006,Engineer,Engineering,13,Planning,8.39,5.03,6,0.27,5,4,0.569,1.18,38,49,2.4,55.2,26.0,0.0,7.21,0.478,32.3,0.0398,0,0,40.0,0.209,0.715,0.083,0.213,0.322,0.0172,0.2365
EMP0006,Engineer,Engineering,14,Planning,8.08,4.85,6,0.01,6,3,0.755,1.53,29,32,4.8,49.3,29.8,0.0,7.35,0.542,41.4,0.0267,0,0,40.0,0.214,0.743,0.011,0.236,0.319,0.0024,0.1709
EMP0006,Engineer,Engineering,15,Planning,9.23,2.95,3,0.27,7,6,0.204,2.22,20,49,4.3,50.4,106.4,0.0,8.3,0.524,22.6,0.0093,0,0,45.74,0.208,0.325,0.188,0.22,0.216,0.039,0.2988
EMP0006,Engineer,Engineering,16,Planning,9.16,5.44,4,0.51,6,4,0.509,1.79,36,43,16.2,15.0,42.9,0.0,7.63,0.488,34.4,0.0115,0,0,40.0,0.213,0.437,0.209,0.417,0.289,0.0445,0.2809
EMP0006,Engineer,Engineering,17,Planning,8.98,1.51,2,0.31,6,5,0.118,1.31,23,41,62.8,50.8,194.0,0.0,7.25,0.395,31.9,0.0,0,0,41.62,0.211,0.223,0.161,0.234,0.154,0.034,0.3473
EMP0006,Engineer,Engineering,18,Planning,8.75,5.16,5,0.2,7,6,0.711,0.91,22,33,8.6,45.3,35.1,0.0,8.21,0.475,23.2,0.012,0,0,40.0,0.184,0.571,0.119,0.248,0.24,0.0218,0.23
EMP0006,Engineer,Engineering,19,Planning,9.21,1.28,2,0.79,7,4,0.259,0.5,20,40,0.7,64.7,206.8,0.0,7.74,0.399,24.3,0.0074,1,0,40.54,0.185,0.217,0.25,0.141,0.115,0.0463,0.1595
EMP0006,Engineer,Engineering,20,Planning,9.14,2.78,4,0.28,8,4,0.666,2.8,27,44,22.1,51.1,109.3,0.38,6.84,0.552,26.6,0.0251,2,1,44.64,0.249,0.438,0.178,0.26,0.3,0.0442,0.0811
EMP0006,Engineer,Engineering,21,Planning,9.22,4.2,3,0.9,4,3,0.659,1.33,30,41,19.0,43.0,84.2,0.0,6.37,0.404,29.1,0.0316,1,0,40.0,0.229,0.325,0.265,0.336,0.269,0.0607,0.2874
EMP0006,Engineer,Engineering,22,Planning,8.78,3.02,4,1.06,6,5,0.246,0.99,30,44,4.3,64.7,67.2,0.0,7.03,0.398,29.1,0.0124,0,0,40.0,0.209,0.456,0.23,0.172,0.197,0.0481,0.2453
EMP0006,Engineer,Engineering,23,Planning,9.65,2.07,2,1.01,9,8,0.856,0.39,29,52,37.8,62.7,188.5,0.0,5.92,0.478,27.1,0.0231,0,0,40.0,0.219,0.207,0.332,0.257,0.176,0.0728,0.3233
EMP0006,Engineer,Engineering,24,Planning,9.04,3.59,4,0.29,5,4,0.539,1.74,24,57,100.4,44.0,60.5,0.0,7.33,0.397,29.8,0.0281,0,1,40.0,0.218,0.442,0.166,0.267,0.277,0.0362,0.0741
EMP0006,Engineer,Engineering,25,Planning,10.4,2.92,5,1.48,8,4,0.333,0.85,26,44,11.2,71.2,68.9,0.0,7.04,0.483,20.0,0.0136,0,0,41.0,0.206,0.481,0.485,0.135,0.189,0.0999,0.1411
EMP0006,Engineer,Engineering,26,Planning,9.45,2.01,3,1.0,5,3,0.642,0.7,33,55,87.5,44.7,122.9,0.0,7.23,0.429,31.2,0.0066,0,0,42.39,0.199,0.317,0.306,0.27,0.179,0.0609,0.0972
EMP0006,Engineer,Engineering,27,Planning,9.16,2.24,3,0.54,11,10,0.093,1.01,30,41,1.1,36.8,111.0,0.345,7.25,0.45,25.9,0.005,0,0,40.0,0.205,0.328,0.213,0.312,0.199,0.0436,0.2395
EMP0006,Engineer,Engineering,28,Planning,10.2,4.49,4,2.16,11,9,0.272,1.34,24,53,40.9,61.6,44.3,0.0,6.92,0.437,26.1,0.041,1,0,40.0,0.218,0.392,0.545,0.196,0.26,0.1188,0.3332
EMP0006,Engineer,Engineering,29,Planning,10.64,1.73,2,1.82,9,8,0.322,1.11,20,52,19.4,68.4,180.8,0.0,6.68,0.496,21.7,0.0223,0,0,40.0,0.219,0.188,0.558,0.175,0.168,0.1221,0.1089
EMP0007,Designer,Operations,0,Planning,7.97,1.85,2,0.15,7,6,0.307,1.44,30,41,0.4,55.2,156.2,0.0,7.23,0.42,31.7,0.0318,0,1,40.0,0.214,0.251,0.015,0.211,0.22,0.0032,0.2245
EMP0007,Designer,Operations,1,Planning,7.64,4.58,4,0.09,3,2,0.486,1.56,22,35,3.8,56.5,60.0,0.0,6.73,0.514,33.7,0.0137,0,0,40.0,0.227,0.524,0.0,0.237,0.25,0.0,0.2674
EMP0007,Designer,Operations,2,Planning,7.76,1.4,2,0.29,9,5,0.521,0.59,24,51,11.2,52.1,195.0,0.0,7.54,0.432,25.4,0.0119,0,0,40.0,0.191,0.258,0.006,0.211,0.156,0.0012,0.0863
EMP0007,Designer,Operations,3,Planning,7.04,2.22,4,0.3,7,4,0.43,2.51,30,40,12.5,54.6,83.1,0.0,7.33,0.492,31.8,0.0191,1,0,40.0,0.234,0.568,0.0,0.208,0.29,0.0,0.2466
EMP0007,Designer,Operations,4,Planning,6.1,2.04,3,0.04,11,8,0.031,1.85,25,47,37.3,55.1,119.9,0.0,8.01,0.41,37.9,0.0214,1,0,40.0,0.207,0.492,0.0,0.194,0.255,0.0,0.1437
EMP0007,Designer,Operations,5,Planning,6.95,0.92,1,1.12,10,6,0.305,0.42,26,53,3.9,47.2,418.0,0.0,7.25,0.385,31.0,0.0278,0,1,43.16,0.193,0.144,0.009,0.254,0.173,0.0017,0.2726
EMP0007,Designer,Operations,6,Planning,6.5,1.9,2,0.48,11,8,0.143,2.45,19,53,51.6,77.5,186.0,0.435,7.12,0.52,36.7,0.0176,0,0,40.0,0.237,0.308,0.0,0.095,0.199,0.0,0.1737
EMP0007,Designer,Operations,7,Planning,6.47,3.88,5,0.01,10,8,0.357,1.09,19,50,31.7,57.1,53.8,0.0,7.72,0.458,44.5,0.0116,0,0,40.0,0.197,0.773,0.0,0.183,0.265,0.0,0.0936
EMP0007,Designer,Operations,8,Planning,7.41,4.45,6,0.66,5,4,0.175,1.14,17,41,18.2,54.3,33.2,0.0,7.77,0.467,36.8,0.0192,0,0,40.0,0.197,0.81,0.009,0.198,0.294,0.0017,0.1248
EMP0007,Designer,Operations,9,Planning,7.71,2.63,3,0.22,7,5,0.144,0.65,24,45,30.3,36.4,97.4,0.0,6.74,0.399,27.6,0.0122,0,0,41.02,0.208,0.389,0.0,0.348,0.226,0.0,0.1604
EMP0007,Designer,Operations,10,Planning,7.19,1.68,3,0.2,3,2,0.662,2.13,22,55,13.1,36.8,112.1,0.0,7.21,0.423,36.6,0.0229,0,1,40.0,0.228,0.417,0.0,0.315,0.288,0.0,0.143
EMP0007,Designer,Operations,11,Planning,7.76,2.74,3,0.21,7,5,0.518,1.7,32,38,0.3,38.1,118.1,0.0,6.94,0.462,39.7,0.03,1,0,47.04,0.225,0.387,0.0,0.326,0.286,0.0,0.188
EMP0007,Designer,Operations,12,Planning,6.93,3.45,6,0.35,8,7,0.118,0.86,27,40,13.5,51.7,51.7,0.0,7.2,0.428,40.4,0.0238,0,0,40.0,0.203,0.866,0.0,0.233,0.316,0.0,0.109
EMP0007,Designer,Operations,13,Planning,6.5,3.9,8,0.3,9,7,0.244,2.27,23,30,22.9,75.1,31.8,0.0,7.62,0.437,36.4,0.0221,0,0,40.89,0.223,1.231,0.0,0.083,0.383,0.0,0.0747
EMP0007,Designer,Operations,14,Planning,6.93,3.23,3,0.29,9,7,0.349,2.23,27,47,9.5,54.2,99.1,0.0,7.64,0.399,24.9,0.0162,0,0,40.0,0.222,0.433,0.0,0.199,0.246,0.0,0.2889
EMP0007,Designer,Operations,15,Planning,7.69,1.26,2,0.19,5,3,0.139,1.17,23,48,3.1,60.1,198.8,0.0,7.87,0.501,42.0,0.0051,0,0,40.0,0.196,0.26,0.0,0.166,0.147,0.0,0.0713
EMP0007,Designer,Operations,16,Planning,8.63,5.18,6,0.4,3,2,0.314,2.45,36,49,1.6,42.2,25.0,0.0,8.02,0.447,25.0,0.0149,0,1,40.0,0.219,0.695,0.129,0.266,0.322,0.0282,0.2229
EMP0007,Designer,Operations,17,Planning,6.06,3.63,4,1.19,9,8,0.253,1.02,32,51,5.7,72.5,71.5,0.0,8.41,0.458,40.7,0.0,0,0,46.94,0.182,0.66,0.0,0.097,0.192,0.0,0.2202
EMP0007,Designer,Operations,18,Planning,7.05,3.44,3,0.26,8,7,0.255,0.93,23,53,16.6,70.9,83.5,0.0,7.45,0.376,31.0,0.0143,0,0,40.0,0.2,0.426,0.0,0.109,0.174,0.0,0.1488
EMP0007,Designer,Operations,19,Planning,7.46,1.81,2,1.19,10,7,0.084,1.91,19,35,2.6,32.7,170.5,0.0,7.53,0.523,34.1,0.0247,0,0,40.0,0.218,0.268,0.081,0.318,0.256,0.0177,0.2638
EMP0007,Designer,Operations,20,Planning,6.0,3.6,7,0.35,5,3,0.314,2.3,22,54,7.2,77.5,42.7,0.126,7.9,0.453,38.7,0.0135,0,0,40.0,0.218,1.167,0.0,0.069,0.35,0.0,0.113
EMP0007,Designer,Operations,21,Planning,7.29,2.62,2,0.1,5,3,0.667,1.55,26,57,6.1,54.7,178.3,0.0,7.25,0.445,30.6,0.0217,1,0,40.0,0.216,0.274,0.0,0.213,0.209,0.0,0.2352
EMP0007,Designer,Operations,22,Planning,7.61,4.56,6,1.07,7,5,0.316,1.34,26,31,11.3,42.8,28.2,0.0,7.17,0.39,34.5,0.0131,0,1,40.0,0.213,0.788,0.085,0.284,0.309,0.0181,0.1262
EMP0007,Designer,Operations,23,Planning,6.58,3.95,6,0.09,7,6,0.173,0.48,27,34,32.0,60.2,29.2,0.0,7.54,0.43,47.1,0.0146,1,0,40.0,0.189,0.912,0.0,0.166,0.276,0.0,0.1456
EMP0007,Designer,Operations,24,Planning,8.16,0.7,1,0.27,8,7,0.171,0.41,26,45,0.7,62.6,439.0,0.0,7.13,0.445,34.4,0.0135,1,1,40.0,0.196,0.123,0.054,0.177,0.117,0.0105,0.1346
EMP0007,Designer,Operations,25,Planning,7.14,2.38,2,0.34,4,3,0.232,2.1,26,48,38.5,47.7,161.9,0.0,7.87,0.367,31.5,0.0011,0,0,40.0,0.215,0.28,0.0,0.235,0.192,0.0,0.1456
EMP0007,Designer,Operations,26,Planning,7.62,3.09,4,0.95,3,2,0.159,1.24,29,48,12.9,66.8,70.6,0.241,7.61,0.521,37.7,0.0197,0,1,41.5,0.203,0.525,0.071,0.129,0.22,0.0145,0.3845
EMP0007,Designer,Operations,27,Planning,7.1,1.87,3,1.78,6,5,0.332,0.27,36,57,11.7,32.5,130.3,0.0,8.08,0.367,33.1,0.0191,0,1,41.47,0.174,0.423,0.11,0.319,0.227,0.0191,0.0549
EMP0007,Designer,Operations,28,Planning,7.05,3.08,5,0.41,7,6,0.289,0.64,32,40,5.6,30.7,59.6,0.0,8.43,0.441,36.8,0.0147,0,0,40.0,0.174,0.709,0.0,0.329,0.289,0.0,0.3188
EMP0007,Designer,Operations,29,Planning,6.88,1.66,3,0.14,3,2,0.617,2.19,25,43,17.8,43.0,130.0,0.0,8.25,0.438,34.8,0.0139,0,0,40.0,0.209,0.436,0.0,0.261,0.259,0.0,0.1584
EMP0008,QA,Product,0,Planning,9.12,1.07,1,2.11,8,5,0.359,0.35,34,43,9.0,109.3,407.0,0.0,7.16,0.781,48.6,0.0256,0,0,69.18,0.194,0.11,0.404,0.023,0.09,0.0783,0.0782
EMP0008,QA,Product,1,Planning,9.44,2.28,4,0.87,9,7,0.351,0.9,27,44,12.5,124.5,81.5,0.0,7.29,0.831,43.8,0.0163,1,0,66.82,0.202,0.424,0.289,0.014,0.149,0.0583,0.1222
EMP0008,QA,Product,2,Planning,9.82,3.83,3,1.34,10,7,0.941,1.19,29,43,19.5,89.0,86.6,0.0,6.58,0.788,43.7,0.03,0,0,55.51,0.222,0.305,0.395,0.067,0.177,0.0877,0.0933
EMP0008,QA,Product,3,Planning,9.62,1.52,3,0.98,6,5,0.208,3.1,28,58,13.2,75.3,123.0,0.0,7.69,0.741,46.0,0.0259,1,0,59.29,0.238,0.312,0.325,0.082,0.232,0.0773,0.2193
EMP0008,QA,Product,4,Planning,10.85,5.86,6,1.93,5,3,0.091,1.15,27,38,0.8,75.2,14.2,0.0,7.88,0.753,32.4,0.0237,0,0,60.89,0.195,0.553,0.597,0.082,0.217,0.1165,0.1768
EMP0008,QA,Product,5,Planning,9.79,2.39,3,1.0,7,5,0.466,1.58,32,39,14.9,89.1,109.5,0.0,7.5,0.729,44.9,0.0127,1,0,59.5,0.212,0.306,0.349,0.005,0.136,0.0739,0.0844
EMP0008,QA,Product,6,Planning,9.11,2.6,3,0.62,8,5,0.533,1.76,30,44,9.1,80.5,88.9,0.0,7.56,0.84,39.1,0.029,1,2,62.05,0.214,0.329,0.216,0.053,0.192,0.0463,0.2011
EMP0008,QA,Product,7,Planning,9.61,1.73,3,1.56,9,7,0.36,1.91,34,46,14.1,91.3,148.3,0.0,6.65,0.815,41.6,0.0104,2,0,59.1,0.235,0.312,0.396,0.057,0.158,0.0931,0.1113
EMP0008,QA,Product,8,Planning,9.12,3.63,4,0.28,6,4,0.537,1.73,36,47,54.5,105.2,63.0,0.0,6.91,0.807,49.9,0.0199,1,0,62.45,0.226,0.439,0.175,0.039,0.191,0.0395,0.1983
EMP0008,QA,Product,9,Planning,8.78,1.22,1,0.11,4,3,0.101,0.6,33,43,19.7,121.8,384.3,0.0,7.52,0.679,46.4,0.0176,0,0,62.43,0.192,0.114,0.111,0.0,0.076,0.0214,0.11
EMP0008,QA,Product,10,Planning,8.9,2.61,2,1.38,2,1,0.325,1.2,29,45,56.2,102.0,162.7,0.0,7.36,0.779,38.8,0.0117,0,0,50.83,0.207,0.225,0.285,0.009,0.107,0.059,0.0721
EMP0008,QA,Product,11,Planning,8.85,2.4,2,0.58,9,7,0.554,2.39,28,42,11.3,74.2,181.9,0.0,7.64,0.677,46.4,0.03,1,0,63.92,0.225,0.226,0.179,0.088,0.203,0.0402,0.2825
EMP0008,QA,Product,12,Planning,9.2,3.61,6,0.24,5,3,0.804,1.32,32,43,27.7,67.4,37.4,0.0,6.72,0.78,44.9,0.0043,0,0,60.36,0.222,0.652,0.18,0.178,0.232,0.04,0.2473
EMP0008,QA,Product,13,Planning,9.28,5.57,5,0.35,9,6,0.739,0.57,19,41,48.3,95.4,31.5,0.0,7.06,0.597,42.5,0.0,0,0,61.09,0.2,0.539,0.204,0.029,0.134,0.0407,0.0675
EMP0008,QA,Product,14,Planning,9.42,1.99,3,0.59,9,5,0.344,0.62,30,37,15.1,98.9,133.2,0.0,6.18,0.722,44.1,0.0123,0,0,58.8,0.219,0.318,0.251,0.088,0.133,0.055,0.0469
EMP0008,QA,Product,15,Planning,8.21,4.92,5,0.87,5,3,0.747,0.68,27,40,21.9,90.4,30.5,0.0,7.09,0.788,58.7,0.0246,2,0,61.53,0.202,0.609,0.135,0.027,0.2,0.0273,0.253
EMP0008,QA,Product,16,Planning,9.07,1.62,2,0.65,1,0,0.342,0.55,24,45,4.3,101.3,178.1,0.0,6.83,0.844,41.4,0.0204,0,0,63.94,0.204,0.221,0.215,0.045,0.115,0.0439,0.0821
EMP0008,QA,Product,17,Planning,9.23,3.11,3,3.25,9,7,0.239,1.84,26,51,2.4,90.2,105.1,0.0,7.32,0.764,51.7,0.0338,2,1,64.66,0.22,0.325,0.56,0.012,0.191,0.1232,0.2707
EMP0008,QA,Product,18,Planning,7.49,3.98,4,0.88,9,8,0.143,1.7,24,35,31.6,89.7,60.9,0.0,8.21,0.72,44.6,0.0103,1,0,59.55,0.2,0.534,0.046,0.002,0.179,0.0093,0.046
EMP0008,QA,Product,19,Planning,8.84,5.3,6,0.12,7,4,0.642,2.06,32,41,1.5,88.6,21.6,0.0,7.63,0.778,50.9,0.0159,0,0,59.75,0.219,0.679,0.12,0.008,0.232,0.0263,0.1176
EMP0008,QA,Product,20,Planning,8.79,0.67,1,0.02,7,4,0.084,1.74,33,39,6.0,81.9,443.4,0.0,8.5,0.62,56.9,0.0113,0,0,56.92,0.195,0.114,0.101,0.045,0.111,0.0197,0.1611
EMP0008,QA,Product,21,Planning,7.93,3.55,4,0.16,9,7,0.15,1.46,40,44,10.9,97.4,64.1,0.0,6.81,0.746,57.6,0.0268,0,0,65.72,0.223,0.504,0.011,0.046,0.212,0.0025,0.0553
EMP0008,QA,Product,22,Planning,7.99,4.3,6,0.25,5,4,0.329,1.05,23,40,0.5,103.4,40.0,0.0,7.77,0.823,52.3,0.021,0,1,58.63,0.196,0.751,0.03,0.0,0.224,0.0059,0.1335
EMP0008,QA,Product,23,Planning,8.34,3.77,3,2.25,10,6,0.105,0.92,31,52,5.8,93.9,87.8,0.0,7.3,0.607,42.1,0.0383,1,0,66.08,0.202,0.36,0.324,0.013,0.18,0.0654,0.1017
EMP0008,QA,Product,24,Planning,8.93,2.62,3,1.0,11,7,0.038,0.65,19,34,0.3,104.1,119.7,0.0,7.31,0.656,47.8,0.0178,0,0,59.5,0.197,0.336,0.241,0.013,0.126,0.0475,0.2715
EMP0008,QA,Product,25,Planning,8.2,1.94,2,1.36,10,9,0.208,0.73,28,44,38.9,47.6,180.4,0.0,7.35,0.68,44.7,0.0063,0,0,63.26,0.198,0.244,0.195,0.246,0.157,0.0386,0.1241
EMP0008,QA,Product,26,Planning,8.71,5.22,5,0.36,6,5,0.342,0.48,24,39,2.9,97.8,25.6,0.0,7.4,0.6,48.4,0.0133,1,0,65.73,0.192,0.574,0.134,0.007,0.158,0.0257,0.0456
EMP0008,QA,Product,27,Planning,8.01,3.14,3,0.63,10,9,0.322,1.38,21,49,0.6,89.9,123.6,0.0,7.83,0.596,50.0,0.0158,0,0,59.77,0.201,0.375,0.08,0.001,0.148,0.0161,0.1066
EMP0008,QA,Product,28,Planning,7.51,2.8,3,1.98,8,7,0.339,1.25,24,54,0.7,76.1,102.2,0.0,7.02,0.807,57.6,0.0251,1,1,62.66,0.215,0.399,0.186,0.109,0.2,0.04,0.2984
EMP0008,QA,Product,29,Planning,6.96,4.18,3,0.01,8,7,0.316,1.88,33,46,18.5,86.1,84.3,0.0,7.64,0.716,60.4,0.043,1,1,59.12,0.215,0.431,0.0,0.022,0.235,0.0,0.101
EMP0009,Designer,Sales,0,Planning,7.08,4.25,5,0.85,10,9,0.303,0.98,34,48,0.8,82.1,6.6,0.0,7.55,0.684,60.1,0.0283,0,0,52.38,0.199,0.706,0.0,0.044,0.24,0.0,0.1155
EMP0009,Designer,Sales,1,Planning,7.63,3.15,4,1.41,7,5,0.089,2.01,33,34,9.7,27.2,73.3,0.0,7.45,0.582,50.0,0.0317,3,0,46.88,0.221,0.524,0.13,0.352,0.334,0.0287,0.4234
EMP0009,Designer,Sales,2,Planning,6.96,4.17,8,0.01,10,8,0.288,0.32,27,40,22.7,102.0,23.4,0.0,7.43,0.573,42.2,0.0123,0,0,67.76,0.188,1.149,0.0,0.005,0.265,0.0,0.1809
EMP0009,Designer,Sales,3,Planning,7.13,3.11,5,0.43,12,10,0.442,0.82,19,45,14.9,90.4,57.6,0.0,8.11,0.719,52.6,0.0055,0,0,59.51,0.184,0.701,0.0,0.0,0.176,0.0,0.198
EMP0009,Designer,Sales,4,Planning,6.75,4.05,3,0.2,5,4,0.166,2.13,25,55,27.8,77.2,93.0,0.0,7.94,0.609,50.6,0.0382,0,0,53.23,0.214,0.444,0.0,0.071,0.251,0.0,0.1608
EMP0009,Designer,Sales,5,Planning,7.99,4.79,5,0.05,7,6,0.2,2.19,25,45,33.7,85.3,23.4,0.0,7.41,0.598,43.4,0.0204,1,0,53.21,0.226,0.626,0.005,0.032,0.241,0.0011,0.3682
EMP0009,Designer,Sales,6,Planning,8.51,4.38,3,0.32,8,7,0.344,2.26,28,46,0.8,84.7,62.2,0.454,7.32,0.649,46.9,0.0142,0,0,48.27,0.229,0.353,0.104,0.041,0.179,0.0238,0.1466
EMP0009,Designer,Sales,7,Planning,8.2,4.36,3,0.16,6,5,0.349,3.02,21,34,16.5,73.2,55.2,0.0,7.37,0.638,39.5,0.0258,3,0,53.83,0.243,0.366,0.045,0.102,0.246,0.0109,0.0931
EMP0009,Designer,Sales,8,Planning,8.19,4.91,5,0.26,8,5,0.074,0.38,26,43,13.9,94.2,29.8,0.0,6.98,0.662,45.6,0.0336,0,0,49.58,0.198,0.611,0.056,0.035,0.211,0.0111,0.0879
EMP0009,Designer,Sales,9,Planning,8.65,5.19,6,0.33,2,1,0.364,1.94,31,39,21.7,91.3,25.8,0.0,7.37,0.595,38.0,0.0215,0,0,43.37,0.221,0.694,0.123,0.009,0.243,0.0271,0.0837
EMP0009,Designer,Sales,10,Planning,8.24,2.88,2,2.5,7,6,0.255,1.34,26,36,12.3,73.6,144.8,0.0,7.49,0.569,49.1,0.0176,1,1,45.08,0.207,0.243,0.342,0.092,0.151,0.0709,0.2111
EMP0009,Designer,Sales,11,Planning,8.48,4.07,3,0.52,8,7,0.392,0.73,27,32,15.6,91.2,97.2,0.0,7.25,0.581,40.7,0.0,0,0,50.78,0.2,0.354,0.125,0.017,0.098,0.025,0.0864
EMP0009,Designer,Sales,12,Planning,9.37,1.57,2,1.39,6,3,0.092,0.72,32,47,11.6,86.2,191.2,0.0,7.8,0.569,36.1,0.0375,0,1,54.85,0.188,0.213,0.345,0.021,0.146,0.0649,0.0896
EMP0009,Designer,Sales,13,Planning,9.11,5.46,6,0.45,4,3,0.078,0.93,21,39,37.9,69.7,36.8,0.0,7.36,0.709,47.0,0.0198,0,0,58.07,0.201,0.659,0.195,0.122,0.236,0.0392,0.1353
EMP0009,Designer,Sales,14,Planning,8.75,2.99,4,0.68,11,6,0.244,1.89,33,54,48.3,57.9,76.2,0.0,6.82,0.644,45.0,0.009,0,1,55.25,0.231,0.457,0.179,0.224,0.233,0.0413,0.1931
EMP0009,Designer,Sales,15,Planning,9.39,5.63,5,1.08,9,7,0.715,0.42,32,49,23.4,59.7,32.2,0.0,7.54,0.527,30.4,0.0064,0,1,58.7,0.188,0.532,0.309,0.168,0.182,0.058,0.1518
EMP0009,Designer,Sales,16,Planning,9.38,2.36,4,0.41,6,4,0.368,0.79,25,49,44.7,80.9,81.9,0.0,6.36,0.662,48.0,0.0089,0,0,50.82,0.219,0.426,0.224,0.127,0.165,0.049,0.1713
EMP0009,Designer,Sales,17,Planning,9.05,3.87,3,0.54,5,4,0.622,0.85,33,44,28.8,64.4,70.6,0.0,6.68,0.582,45.1,0.0274,0,1,51.07,0.213,0.331,0.199,0.197,0.206,0.0423,0.3542
EMP0009,Designer,Sales,18,Planning,9.81,1.11,1,1.11,8,7,0.233,0.25,27,53,56.1,91.4,414.1,0.0,7.32,0.641,36.2,0.0145,0,1,55.78,0.189,0.102,0.365,0.012,0.06,0.069,0.2077
EMP0009,Designer,Sales,19,Planning,9.91,3.42,3,1.53,4,3,0.659,2.69,32,37,21.4,80.1,110.3,0.0,6.34,0.528,32.4,0.0262,0,0,55.62,0.257,0.303,0.43,0.132,0.233,0.1105,0.1349
EMP0009,Designer,Sales,20,Planning,9.52,5.55,5,0.6,8,5,0.436,0.78,25,46,45.5,81.4,26.8,0.0,7.05,0.73,40.2,0.0115,0,0,49.07,0.205,0.525,0.265,0.078,0.175,0.0543,0.253
EMP0009,Designer,Sales,21,Planning,9.49,2.95,5,1.05,5,4,0.268,1.04,24,49,7.7,76.4,64.4,0.0,7.34,0.641,36.9,0.0099,0,0,54.94,0.204,0.527,0.318,0.086,0.182,0.0648,0.0702
EMP0009,Designer,Sales,22,Planning,10.06,1.01,1,1.49,10,9,0.321,1.1,33,54,3.7,75.8,429.9,0.0,6.18,0.558,37.3,0.0197,0,1,49.61,0.228,0.099,0.444,0.167,0.142,0.1012,0.1298
EMP0009,Designer,Sales,23,Planning,9.81,1.55,2,1.44,9,6,0.142,1.83,36,50,5.4,68.4,209.5,0.0,6.82,0.563,43.0,0.0347,0,0,51.12,0.23,0.204,0.406,0.165,0.215,0.0934,0.1817
EMP0009,Designer,Sales,24,Planning,10.66,3.24,5,2.09,8,6,0.731,0.67,25,46,6.3,71.6,54.5,0.0,6.99,0.703,34.6,0.0076,0,1,53.32,0.204,0.469,0.594,0.136,0.17,0.1211,0.1443
EMP0009,Designer,Sales,25,Planning,10.87,5.66,6,2.34,6,3,0.414,1.69,23,47,23.7,64.2,28.0,0.0,6.78,0.525,32.1,0.0223,0,0,46.93,0.228,0.552,0.651,0.191,0.263,0.1485,0.2422
EMP0009,Designer,Sales,26,Planning,11.07,3.33,5,2.44,10,7,0.486,1.83,21,42,19.6,53.9,70.6,0.355,6.72,0.683,34.2,0.0314,0,0,55.19,0.232,0.452,0.689,0.253,0.284,0.1598,0.2358
EMP0009,Designer,Sales,27,Planning,10.08,5.89,4,1.14,9,8,0.169,1.75,30,46,37.5,95.5,28.7,0.002,6.32,0.712,31.4,0.022,1,0,50.32,0.239,0.397,0.402,0.079,0.199,0.0962,0.13
EMP0009,Designer,Sales,28,Planning,10.32,4.5,6,2.97,9,6,0.4,1.73,32,51,4.0,72.3,27.7,0.0,6.46,0.526,36.9,0.0233,1,0,49.84,0.235,0.581,0.661,0.168,0.265,0.1554,0.1856
EMP0009,Designer,Sales,29,Planning,9.83,0.62,1,0.88,12,9,0.519,2.4,19,43,37.5,79.7,444.1,0.0,7.66,0.535,26.1,0.0243,2,0,49.59,0.225,0.102,0.339,0.057,0.158,0.0762,0.1952
EMP0010,Engineer,Product,0,Planning,9.0,1.67,2,0.1,4,3,0.092,0.31,26,50,20.7,96.9,188.5,0.0,7.31,0.614,49.3,0.0199,0,0,53.76,0.19,0.222,0.138,0.013,0.097,0.0261,0.1028
EMP0010,Engineer,Product,1,Planning,9.4,5.64,6,0.74,5,3,0.104,1.02,22,36,24.0,112.1,19.3,0.0,6.89,0.66,35.0,0.0382,1,0,62.79,0.213,0.638,0.268,0.041,0.247,0.057,0.069
EMP0010,Engineer,Product,2,Planning,9.5,1.63,3,0.68,10,8,0.507,0.46,23,36,37.5,63.3,137.4,0.0,7.57,0.708,42.2,0.0243,1,1,68.5,0.188,0.316,0.272,0.148,0.17,0.0512,0.0961
EMP0010,Engineer,Product,3,Planning,10.25,1.79,2,1.38,6,3,0.372,0.93,28,50,48.6,77.4,195.0,0.0,6.66,0.734,45.4,0.0307,0,0,55.18,0.215,0.195,0.454,0.126,0.166,0.0976,0.2627
EMP0010,Engineer,Product,4,Planning,9.53,5.11,4,0.59,5,3,0.496,0.6,25,58,2.6,86.1,26.8,0.0,7.28,0.567,39.6,0.0082,0,0,67.56,0.196,0.42,0.265,0.036,0.129,0.0519,0.0682
EMP0010,Engineer,Product,5,Planning,9.55,2.44,2,0.62,5,3,0.75,0.6,30,49,22.7,85.4,166.5,0.0,7.58,0.661,42.8,0.0022,0,0,60.86,0.19,0.209,0.271,0.026,0.072,0.0515,0.1105
EMP0010,Engineer,Product,6,Planning,9.66,1.48,1,0.88,2,1,0.639,0.95,32,34,1.8,79.8,379.0,0.0,6.61,0.579,41.5,0.0172,2,0,60.39,0.217,0.104,0.318,0.116,0.118,0.0689,0.1575
EMP0010,Engineer,Product,7,Planning,9.64,5.78,6,1.01,5,3,0.475,1.12,26,37,14.0,72.5,16.7,0.0,7.05,0.687,34.4,0.0179,1,0,60.22,0.211,0.622,0.331,0.127,0.232,0.0699,0.1481
EMP0010,Engineer,Product,8,Planning,9.23,5.54,8,1.38,5,3,0.494,0.34,27,50,38.3,84.4,5.0,0.0,8.3,0.676,43.8,0.01,0,0,59.77,0.171,0.867,0.326,0.031,0.213,0.0558,0.2101
EMP0010,Engineer,Product,9,Planning,9.02,3.32,4,0.65,13,12,0.419,0.25,40,54,14.4,104.7,55.8,0.0,8.22,0.56,47.8,0.028,0,0,66.49,0.171,0.443,0.209,0.0,0.152,0.0357,0.0909
EMP0010,Engineer,Product,10,Planning,8.98,4.12,3,0.81,10,6,0.111,1.16,32,42,16.3,80.8,73.3,0.0,6.9,0.777,44.9,0.0435,1,0,62.25,0.215,0.334,0.224,0.091,0.216,0.0481,0.1171
EMP0010,Engineer,Product,11,Planning,8.68,3.17,6,0.01,5,4,0.504,0.97,28,42,35.2,98.8,45.2,0.0,7.53,0.633,51.5,0.0286,0,0,63.46,0.199,0.691,0.086,0.0,0.225,0.0172,0.085
EMP0010,Engineer,Product,12,Planning,9.01,4.86,4,0.72,10,7,0.082,0.3,29,48,12.0,80.9,46.4,0.0,7.8,0.709,40.5,0.0,0,0,49.17,0.18,0.444,0.216,0.051,0.113,0.0389,0.0953
EMP0010,Engineer,Product,13,Planning,9.0,2.14,3,0.38,9,5,0.185,1.05,27,47,14.5,106.8,112.3,0.388,7.95,0.779,42.7,0.0075,0,0,57.89,0.192,0.333,0.172,0.0,0.113,0.0331,0.0627
EMP0010,Engineer,Product,14,Planning,9.48,5.69,5,0.62,6,4,0.337,1.18,19,59,7.3,90.8,33.6,0.0,7.7,0.695,38.4,0.0146,0,0,65.49,0.2,0.527,0.263,0.0,0.17,0.0525,0.1768
EMP0010,Engineer,Product,15,Planning,8.13,1.52,3,2.02,7,6,0.131,1.22,24,38,27.2,102.8,117.1,0.0,7.69,0.624,41.7,0.0283,0,1,56.88,0.201,0.369,0.269,0.0,0.167,0.054,0.1555
EMP0010,Engineer,Product,16,Planning,8.18,4.91,4,0.85,5,4,0.384,0.35,35,32,12.8,64.2,7.1,0.0,6.81,0.76,49.6,0.0255,0,0,56.07,0.201,0.489,0.129,0.189,0.216,0.0259,0.3021
EMP0010,Engineer,Product,17,Planning,8.84,5.18,5,0.15,6,4,0.356,1.48,19,46,7.7,111.5,30.1,0.0,7.31,0.584,44.7,0.0178,0,0,62.6,0.213,0.566,0.124,0.013,0.197,0.0264,0.0592
EMP0010,Engineer,Product,18,Planning,8.77,5.26,4,0.53,3,2,0.467,0.83,22,43,3.2,74.6,36.5,0.0,7.8,0.727,38.0,0.0095,0,0,63.72,0.191,0.456,0.162,0.086,0.161,0.031,0.2
EMP0010,Engineer,Product,19,Planning,7.99,2.32,3,0.05,6,3,0.09,1.67,20,46,30.5,74.5,121.8,0.0,7.77,0.637,41.7,0.0149,1,0,50.72,0.208,0.375,0.005,0.086,0.181,0.001,0.1243
EMP0010,Engineer,Product,20,Planning,8.54,2.71,3,0.01,2,1,0.253,0.68,29,40,1.4,83.9,121.9,0.0,7.17,0.648,42.1,0.029,1,0,62.49,0.2,0.351,0.069,0.056,0.165,0.0137,0.072
EMP0010,Engineer,Product,21,Planning,8.66,5.19,7,0.82,6,3,0.68,1.14,19,56,28.3,93.8,27.7,0.0,7.02,0.597,39.5,0.0093,0,0,64.31,0.212,0.808,0.185,0.032,0.224,0.0392,0.2602
EMP0010,Engineer,Product,22,Planning,7.23,4.34,4,0.32,7,6,0.169,2.52,37,41,7.2,82.6,50.0,0.0,8.04,0.763,58.8,0.0119,0,0,51.14,0.22,0.553,0.0,0.041,0.222,0.0,0.1702
EMP0010,Engineer,Product,23,Planning,8.61,5.16,6,0.1,7,4,0.378,1.04,29,48,6.8,87.7,19.9,0.0,7.63,0.624,47.2,0.0136,0,0,55.8,0.198,0.697,0.089,0.013,0.202,0.0176,0.168
EMP0010,Engineer,Product,24,Planning,8.53,4.09,4,1.35,10,9,0.065,1.61,24,37,12.7,95.9,59.6,0.0,7.12,0.577,48.7,0.0151,0,1,57.93,0.22,0.469,0.235,0.025,0.18,0.0517,0.1335
EMP0010,Engineer,Product,25,Planning,8.26,3.39,3,0.1,9,8,0.323,0.96,21,48,7.4,91.1,81.8,0.0,7.3,0.625,47.6,0.0371,1,0,50.8,0.203,0.363,0.045,0.013,0.18,0.0091,0.118
EMP0010,Engineer,Product,26,Planning,8.14,3.87,4,0.28,8,7,0.047,1.66,27,44,0.9,90.5,59.8,0.0,7.42,0.712,43.6,0.0,0,0,59.67,0.215,0.491,0.053,0.005,0.15,0.0113,0.0481
EMP0010,Engineer,Product,27,Planning,7.74,0.0,0,0.81,8,7,0.341,1.01,25,41,38.8,88.8,251.2,0.0,6.92,0.612,46.3,0.0212,0,2,50.66,0.212,0.0,0.069,0.045,0.086,0.0146,0.0516
EMP0010,Engineer,Product,28,Planning,7.85,4.71,4,0.5,9,7,0.359,3.35,28,50,12.3,54.2,51.7,0.0,7.0,0.663,41.4,0.0479,0,1,51.88,0.257,0.51,0.044,0.232,0.368,0.0112,0.1603
EMP0010,Engineer,Product,29,Planning,8.45,5.07,8,0.48,7,5,0.418,1.63,27,48,12.4,67.4,10.9,0.0,6.91,0.706,39.8,0.0094,1,0,55.95,0.224,0.947,0.116,0.165,0.307,0.026,0.1992
